{"Camera_pos":{"x":1419.958674,"y":742,"z":325.74679800000001},"Camera_rot":{"x":-0.075228129363770491,"y":0.022283587118301959,"z":0.95586401361550366,"w":0.28313982018152989},"Camera_FOV":37.497356414794922,"Camera_AspectRatio":1.7777777910232544}