{"Camera_pos":{"x":1419.958674,"y":742,"z":325.74679800000001},"Camera_rot":{"pitch":-9.0000000000000018,"yaw":147,"roll":0},"Camera_FOV":37.497356414794922,"Camera_AspectRatio":1.7777777910232544}